{"cameraMode":{"drawMode":0,"name":"Shaded","section":"Shading Mode"},"sceneLighting":true,"audioPlay":false,"sceneViewState":{"showFog":true,"showMaterialUpdate":false,"showSkybox":true,"showFlares":true,"showImageEffects":true,"showParticleSystems":true},"in2DMode":false,"pivot":{"x":1000.4632568359375,"y":11.243082046508789,"z":999.9066162109375},"rotation":{"x":-0.23314495384693147,"y":0.6559250354766846,"z":-0.2242301106452942,"w":-0.6820045709609985},"size":3467.97314453125,"orthographic":false}