{"cameraMode":{"drawMode":0,"name":"Shaded","section":"Shading Mode"},"sceneLighting":false,"audioPlay":false,"sceneViewState":{"showFog":true,"showMaterialUpdate":false,"showSkybox":false,"showFlares":true,"showImageEffects":true,"showParticleSystems":true},"in2DMode":false,"pivot":{"x":-1.5519933700561524,"y":0.5,"z":2.8259987831115724},"rotation":{"x":-0.15699146687984467,"y":0.6775550842285156,"z":-0.15144215524196626,"w":-0.702382504940033},"size":2.8578836917877199,"orthographic":false}