{"cameraMode":{"drawMode":0,"name":"Shaded","section":"Shading Mode"},"sceneLighting":true,"audioPlay":false,"sceneViewState":{"showFog":true,"showMaterialUpdate":false,"showSkybox":true,"showFlares":true,"showImageEffects":true,"showParticleSystems":true},"in2DMode":false,"pivot":{"x":-347.920654296875,"y":-345.48480224609377,"z":2403.44091796875},"rotation":{"x":-0.08844434469938278,"y":0.3696126937866211,"z":-0.03536843881011009,"w":-0.9242945313453674},"size":2117.654296875,"orthographic":false}